,0
0,0.1
1,0.16413692
2,0.1
3,0.1
4,0.1
5,-0.14204185
6,-0.1
7,-0.1
8,-0.19607551
9,0.1
10,-0.1
11,0.1
12,0.1
13,0.10156508
14,0.1
15,-0.1
16,0.15169372
17,-0.10045446
18,-0.1
19,0.1
20,0.14579917
21,0.17214908
22,-0.21441522
23,-0.105321914
24,-0.1
25,-0.1
26,0.1
27,0.1
28,-0.1
29,0.1
30,0.1
31,0.1
32,0.1
33,0.1
34,0.1
35,-0.19622545
36,0.1
37,0.1
38,0.1
39,-0.115989044
40,0.1
41,0.1
42,-0.12024065
43,-0.12369496
44,-0.1
45,-0.1
46,-0.1
47,-0.1
48,0.1
49,0.12803072
50,-0.11132026
51,0.1
52,0.1
53,-0.1
54,0.1
55,0.1
56,-0.1
57,0.1
58,0.1
59,0.1
60,-0.15882276
61,0.118907936
62,-0.1
63,0.10063624
64,0.1
65,0.1
66,0.1
67,0.1
68,0.1
69,-0.10209965
70,0.1
71,0.1
72,0.1
73,0.1
74,0.1
75,-0.20405018
76,0.1
77,0.1
78,-0.1
79,-0.1
80,0.15814081
81,-0.1
82,-0.1
83,0.1
84,0.1
85,0.1
86,-0.1
87,0.1
88,0.1
89,0.1250568
90,0.1
91,0.1
92,-0.1
93,0.1
94,-0.1
95,-0.1
96,-0.14273864
97,-0.1
98,0.1
99,-0.1
100,0.1
101,0.1
102,0.1344592
103,0.13091582
104,-0.1
105,0.1
106,0.1
107,0.1
108,0.1
109,-0.1
110,0.1
111,-0.1
112,0.1
113,0.1
114,0.1
115,-0.1
116,-0.1
117,-0.1
118,0.1
119,-0.1
120,-0.1
121,0.1
122,-0.1
123,0.1
124,0.1
125,0.1
126,-0.15291065
127,0.1
128,-0.1
129,-0.1
130,0.1
131,0.1
132,-0.1
133,-0.1
134,0.1
135,-0.10164405
136,-0.1
137,0.1
138,-0.1
139,-0.10260073
140,0.14257984
141,0.14973551
142,-0.10320631
143,-0.1
144,-0.101485625
145,-0.1
146,0.1
147,0.1
148,-0.1
149,0.1
150,0.1
151,0.1
152,0.1
153,0.1
154,0.1
155,0.1
156,0.1
157,-0.1
158,-0.1
159,0.13450971
160,-0.1
161,-0.1
162,0.1
163,0.2876231
164,0.1
165,0.1
166,0.1
167,0.10149943
168,0.1
169,0.1
170,0.14907873
171,0.1
172,0.1
173,0.12539311
174,0.1
175,-0.10484665
176,0.16649707
177,0.19093879
178,-0.10690888
179,0.1
180,-0.14701346
181,0.1
182,-0.1
183,0.1
184,-0.1
185,-0.1
186,-0.1
187,-0.1
188,-0.1
189,0.13463604
190,-0.1
191,-0.1
192,0.1
193,0.1
194,-0.1
195,0.1
196,-0.18167302
197,0.1
198,-0.16293617
199,0.12573844
200,0.1
201,0.1
202,-0.1
203,0.1
204,0.1
205,-0.1
206,0.1
207,-0.1
208,-0.1966269
209,0.1
210,-0.1
211,0.1
212,-0.1
213,0.1
214,-0.102202795
215,0.1
216,-0.1
217,0.1
218,0.1
219,0.1
220,-0.15461864
221,0.1518404
222,0.1
223,-0.1
224,0.1
225,-0.1
226,0.1
227,0.1
228,-0.18484244
229,0.13137591
230,-0.1
231,-0.1
232,-0.1
233,-0.12173173
234,-0.12594414
235,-0.1
236,-0.1
237,0.1
238,-0.1
239,-0.1
240,0.1
241,0.1
242,0.1
243,0.1
244,-0.1
245,-0.1
246,-0.1
247,-0.1
248,0.1
249,0.1
250,0.1
251,0.1
252,0.1
253,-0.14870332
254,0.1
255,-0.1
256,-0.112043396
257,-0.1
258,-0.10757817
259,0.1
260,0.10075854
261,-0.1
262,0.11180422
263,0.1
264,-0.1
265,-0.1
266,0.1
267,-0.1
268,0.1
269,-0.1
270,-0.1
271,-0.1
272,0.1
273,0.17532708
274,-0.10069465
275,-0.1
276,0.110153615
277,-0.1
278,-0.1
279,0.1
280,0.105465844
281,-0.1334279
282,0.1
283,0.13570867
284,0.1
285,0.1
286,-0.1
287,-0.1
288,0.1
289,0.1
290,0.2109073
291,0.1
292,0.1
293,0.1
294,0.1
295,-0.1
296,-0.1
297,-0.1
298,0.11739929
299,0.12257705
300,0.105986744
301,-0.1
302,0.1
303,-0.1
304,-0.1
305,0.1
306,0.11269991
307,0.1
308,0.18989374
309,0.1
310,-0.1
311,0.1
312,-0.1
313,0.1
314,-0.1
315,0.1
316,-0.1
317,-0.1
318,0.1
319,-0.1
320,0.1
321,0.1
322,-0.13095167
323,-0.1
324,0.1
325,0.1
326,0.1
327,0.1
328,0.1
329,0.1
330,0.1
331,-0.1
332,0.1
333,0.1
334,-0.1
335,-0.1
336,-0.103314966
337,-0.1
338,-0.1
339,-0.1
340,0.14350615
341,0.11995464
342,-0.1
343,-0.1
344,-0.11308017
345,0.1
346,-0.10861884
347,0.1
348,-0.1
349,0.1
350,-0.1
351,0.1
352,0.1
353,0.1
354,-0.1
355,-0.15330113
356,0.1
357,-0.1
358,0.1
359,0.1
360,0.1
361,0.1082265
362,0.12126011
363,0.1
364,-0.1
365,-0.13835545
366,-0.1
367,0.19140589
368,-0.1
369,0.10772361
370,0.1
371,-0.1
372,-0.1
373,0.1
374,-0.1
375,0.21968222
376,-0.1
377,-0.1
378,0.1
379,-0.1
380,0.1
381,0.1
382,0.1
383,0.1
384,-0.1
385,0.20802647
386,-0.1
387,0.1
388,0.16188794
389,0.26380652
390,-0.1
391,0.1
392,-0.15364587
393,0.1
394,0.1
395,-0.1
396,0.1
397,-0.110305116
398,-0.1
399,-0.1
400,0.1
401,0.14520097
402,-0.1
403,-0.1
404,0.1
405,0.1
406,-0.1
407,0.1
408,0.1
409,0.1
410,0.1
411,0.1
412,0.1
413,-0.12090232
414,-0.1958694
415,-0.16689683
416,0.1
417,-0.15491953
418,-0.1
419,0.1
420,0.1
421,0.1
422,-0.1
423,0.1
424,-0.1
425,-0.15240772
426,0.1
427,-0.1
428,0.1
429,0.1
430,0.1
431,0.1
432,0.1
433,0.1
434,-0.1
435,0.1
436,0.1
437,0.1
438,-0.1
439,0.1
440,0.11406949
441,-0.11271711
442,-0.1
443,-0.1
444,-0.1
445,-0.24096294
446,-0.1
447,-0.1
448,0.1
449,-0.1
450,0.1
451,-0.12829961
452,0.1
453,0.1
454,0.1
455,0.1
456,-0.1
457,0.1
458,0.1
459,-0.1
460,0.15869199
461,-0.14429966
462,-0.1
463,0.11546763
464,0.21037866
465,0.1
466,0.16865589
467,0.16026582
468,-0.1
469,-0.1
470,0.10207828
471,0.1
472,0.11043015
473,-0.13963361
474,0.1
475,-0.1
476,0.1
477,0.1
478,0.1
479,-0.14104934
480,0.1
481,-0.1
482,-0.1
483,0.1
484,0.10891789
485,-0.1
486,-0.1
487,-0.1
488,-0.13760673
489,-0.10520093
490,-0.1
491,-0.1
492,0.1587886
493,-0.1
494,-0.1
495,0.1
496,-0.1
497,-0.1
498,-0.1
499,-0.1
500,0.1
501,-0.15135533
502,0.1
503,0.1
504,0.12712263
505,-0.1
506,0.1
507,0.1
508,-0.1
509,-0.1
510,0.1
511,0.1
512,0.1
513,-0.17129892
514,0.12100343
515,-0.1
516,0.1
517,0.1
518,-0.106597126
519,0.1
520,-0.1
521,-0.1
522,0.1
523,-0.1
524,-0.1
525,-0.1
526,0.13066815
527,-0.21998298
528,0.1
529,0.1
530,0.1
531,-0.1
532,-0.1
533,0.1
534,0.1
535,0.1
536,-0.1
537,-0.1
538,0.11272111
539,-0.2192329
540,-0.19994216
541,-0.1
542,-0.13033673
543,-0.1
544,0.1
545,-0.1
546,-0.1
547,0.13894078
548,0.15196486
549,0.1
550,-0.1
551,0.16477826
552,0.1
553,0.1
554,-0.1
555,0.1
556,0.1
557,0.1
558,0.1
559,0.1
560,-0.1
561,-0.17646323
562,-0.1
563,-0.1
564,0.1
565,0.11406159
566,0.1
567,-0.1
568,-0.1
569,-0.1
570,0.1
571,-0.17173636
572,-0.1
573,-0.1
574,-0.20742159
575,-0.1
576,-0.1
577,-0.13776441
578,0.1
579,0.1
580,0.17742369
581,0.109318934
582,-0.12474367
583,0.2892377
584,0.1
585,-0.1
586,-0.1
587,-0.1
588,-0.1
589,0.1
590,0.1
591,0.1
592,0.10483713
593,0.1
594,-0.1
595,0.1
596,-0.1
597,-0.118446
598,0.11151518
599,-0.1
600,-0.1
601,0.1
602,0.21527869
603,0.1
604,-0.1
605,0.1
606,0.15351097
607,0.1
608,-0.11547222
609,0.1
610,-0.1
611,-0.1
612,-0.1
613,-0.1
614,-0.1
615,-0.1
616,0.1
617,-0.1
618,0.1
619,0.1
620,-0.1
621,0.12643719
622,-0.1
623,-0.1
624,-0.1
625,0.1
626,0.1
627,0.1
628,0.1
629,-0.1
630,-0.14061856
631,-0.1
632,-0.108997524
633,-0.1
634,0.1
635,-0.1
636,-0.1
637,-0.1
638,0.15855302
639,0.1
640,-0.1
641,-0.1708026
642,0.1
643,-0.1
644,0.107144736
645,-0.1
646,0.17357466
647,0.112637796
648,0.1
649,0.1
650,0.17691477
651,-0.1
652,0.1
653,0.13179077
654,-0.1
655,-0.107110634
656,-0.14282343
657,0.13453831
658,0.1
659,-0.1
660,-0.1
661,-0.1
662,0.1
663,0.1
664,-0.12057333
665,-0.1
666,0.1
667,0.1
668,-0.1
669,-0.12444129
670,-0.1
671,0.1
672,-0.1
673,0.1
674,-0.1
675,-0.16833399
676,-0.1
677,0.1
678,-0.1129493
679,-0.1
680,-0.1
681,0.1
682,-0.1
683,-0.11346546
684,-0.1
685,0.1
686,-0.1
687,0.1
688,-0.1
689,-0.1
690,0.1
691,0.15940028
692,-0.1
693,-0.1
694,0.1
695,-0.1
696,0.1
697,-0.1
698,-0.1
699,0.1
700,0.1
701,0.1
702,0.1
703,0.18110709
704,0.1
705,-0.1
706,0.1
707,0.12961604
708,0.1
709,-0.1
710,-0.1
711,-0.1
712,0.16222169
713,0.1
714,-0.1
715,0.13759226
716,-0.1
717,0.10544087
718,0.14093202
719,-0.1
720,0.1
721,-0.1
722,-0.1
723,0.1
724,0.1
725,-0.1
726,0.1
727,-0.1
728,0.19170113
729,-0.1
730,0.1
731,0.1
732,0.1
733,-0.1
734,0.1
735,0.15414503
736,0.1
737,-0.1
738,0.1
739,-0.118347675
740,-0.1
741,0.1
742,0.1
743,0.1
744,-0.1
745,-0.16652168
746,0.1
747,0.1
748,0.12849359
749,0.1
750,-0.1
751,0.1
752,0.1
753,0.11018628
754,0.1
755,-0.1358174
756,-0.11990239
757,-0.1
758,0.1
759,0.12969464
760,-0.1
761,0.12174831
762,0.1
763,-0.1
764,0.1
765,0.1
766,0.1
767,0.1
768,0.1
769,0.117108956
770,0.1
771,-0.1
772,0.1
773,0.1
774,-0.11214368
775,-0.1
776,-0.1
777,0.1
778,-0.10056852
779,0.1
780,-0.1
781,0.18396947
782,0.1050979
783,0.1
784,-0.1
785,0.14685646
786,-0.1
787,0.1
788,0.1
789,0.1
790,-0.127745
791,-0.1
792,-0.1
793,0.10537592
794,0.10639991
795,-0.1
796,0.1
797,0.12957343
798,-0.1
799,-0.107189715
800,-0.1
801,-0.11087285
802,0.1
803,-0.1
804,-0.1
805,0.1
806,0.1
807,0.1
808,-0.1
809,-0.1
810,0.1
811,0.1
812,-0.1
813,0.1
814,0.1
815,0.1
816,0.1
817,0.1
818,-0.13283901
819,-0.1
820,-0.1
821,-0.1
822,0.1
823,0.1
824,-0.12532686
825,-0.1
826,0.1
827,-0.11196916
828,-0.1
829,-0.1
830,-0.18193918
831,-0.1
832,0.1
833,-0.1
834,-0.16901693
835,0.1
836,-0.13120429
837,0.1
838,-0.1
839,-0.1273027
840,-0.1
841,-0.1
842,0.1
843,0.1
844,-0.1
845,0.1
846,-0.1
847,0.1
848,-0.1577049
849,-0.1
850,0.1
851,-0.1
852,0.1
853,-0.1
854,-0.1
855,0.1
856,-0.1375878
857,0.1
858,-0.1
859,-0.1
860,-0.1
861,0.1
862,-0.1
863,-0.1
864,0.1
865,-0.1
866,-0.13144654
867,0.1
868,-0.1
869,0.1
870,0.21506704
871,0.1
872,-0.16848285
873,0.1
874,-0.1
875,0.1
876,-0.12799306
877,-0.14056413
878,0.1
879,-0.1
880,-0.1
881,-0.1
882,0.15748487
883,0.1
884,0.1
885,-0.1
886,-0.20985825
887,0.1
888,0.15276907
889,-0.1
890,0.1
891,0.1
892,-0.1
893,0.1
894,0.1
895,0.1
896,-0.120346144
897,-0.15902597
898,0.1
899,0.1
900,-0.1
901,-0.1
902,-0.115850866
903,-0.1
904,-0.1
905,-0.1
906,-0.1
907,0.1
908,0.1
909,0.1
910,0.1
911,0.1
912,0.1
913,-0.1
914,-0.12458295
915,-0.1
916,-0.13138299
917,0.11346536
918,0.1
919,-0.1
920,0.11823898
921,-0.11297384
922,0.1
923,-0.1
924,-0.1
925,0.1
926,0.1
927,0.19226032
928,0.1
929,-0.10129021
930,0.1
931,-0.1
932,-0.1
933,-0.1
934,-0.1
935,0.1
936,0.1
937,-0.14287154
938,-0.1
939,-0.13330595
940,0.11308179
941,-0.1
942,0.1
943,-0.1
944,-0.1
945,0.1
946,0.1
947,0.1
948,0.1
949,-0.15679583
950,0.1
951,0.17565155
952,0.1
953,0.1
954,-0.1
955,-0.1
956,-0.1
957,-0.1
958,-0.1227728
959,0.1
960,0.1
961,-0.1
962,-0.1
963,0.13997023
964,-0.10743895
965,-0.1
966,-0.1
967,-0.1310591
968,0.1
969,-0.10751382
970,-0.1
971,0.1
972,0.1
973,-0.1
974,0.1
975,-0.1
976,-0.15910532
977,-0.1
978,0.1
979,-0.17304984
980,0.1
981,0.1
982,-0.22938286
983,-0.1
984,0.1
985,-0.1
986,-0.15003222
987,-0.16508622
988,0.18280531
989,-0.1
990,-0.1
991,0.1
992,0.1561463
993,-0.1
994,0.1
995,-0.1811194
996,0.17991576
997,-0.14112853
998,-0.1
999,0.17343996
1000,-0.17086588
1001,0.1
1002,-0.1
1003,-0.1
1004,-0.1
1005,-0.1
1006,0.111757524
1007,0.1
1008,0.1
1009,0.13175346
1010,0.1
1011,-0.1
1012,0.20498756
1013,0.1
1014,0.1
1015,0.1
1016,0.1
1017,0.18590012
1018,-0.1
1019,0.1
1020,-0.1
1021,0.1
1022,-0.17341465
1023,-0.1
1024,-0.1
1025,0.12494676
1026,-0.1
1027,-0.1370155
1028,-0.1
1029,0.17890297
1030,0.1
1031,-0.1
1032,0.1
1033,0.1
1034,0.1
1035,-0.1
1036,-0.1
1037,0.1740911
1038,-0.1
1039,0.1
1040,0.1
1041,-0.13542527
1042,0.1
1043,-0.1
1044,-0.12542692
1045,0.15037769
1046,-0.14926204
1047,0.1
1048,0.1
1049,0.1
1050,-0.10131397
1051,-0.1
1052,-0.1
1053,0.1
1054,0.1
1055,0.1014781
1056,-0.12596309
1057,-0.1
1058,-0.1
1059,-0.1
1060,0.12045676
1061,0.17329216
1062,0.1
1063,-0.1
1064,0.15897465
1065,0.113881215
1066,0.1
1067,-0.11302169
1068,0.1
1069,0.1
1070,-0.1
1071,-0.28713438
1072,0.1
1073,0.1
1074,-0.1
1075,0.1
1076,0.1
1077,0.1
1078,0.1
1079,0.10254582
1080,-0.1
1081,-0.1
1082,-0.1
1083,-0.1
1084,0.1
1085,0.1
1086,-0.17821516
1087,-0.1
1088,-0.1
1089,-0.15520157
1090,-0.1
1091,-0.1
1092,-0.1
1093,0.1
1094,-0.13266025
1095,0.1
1096,0.1
1097,0.1
1098,-0.10974805
1099,0.21139094
1100,-0.1
1101,0.1
1102,0.1
1103,-0.1
1104,-0.1
1105,0.1
1106,-0.1
1107,-0.11939116
1108,-0.1
1109,0.1
1110,0.1
1111,0.1
1112,0.15849324
1113,-0.18992467
1114,-0.1
1115,0.17982012
1116,0.1
1117,0.1
1118,-0.1
1119,0.1
1120,-0.1
1121,-0.1
1122,0.1
1123,0.1
1124,0.1
1125,-0.1641734
1126,0.1
1127,0.1
1128,0.1
1129,0.1
1130,0.1
1131,0.1
1132,-0.1
1133,0.1
1134,0.1
1135,-0.1
1136,-0.1
1137,0.14800464
1138,-0.1
1139,0.1
1140,-0.1
1141,-0.1
1142,0.1
1143,-0.1
1144,0.13057113
1145,0.1
1146,-0.1
1147,0.1
1148,-0.1
1149,0.1
1150,0.1
1151,-0.1
1152,-0.1
1153,0.1
1154,-0.10629566
1155,0.1
1156,0.1
1157,-0.1
1158,0.1
1159,-0.1
1160,-0.1228489
1161,0.1
1162,0.13029034
1163,0.1
1164,-0.1
1165,-0.1
1166,0.1
1167,0.112159505
1168,-0.1
1169,0.101377785
1170,-0.13374098
1171,0.1
1172,-0.1
1173,-0.1
1174,-0.22347611
1175,0.1
1176,0.13825572
1177,-0.1
1178,-0.1
1179,0.1
1180,-0.1
1181,-0.1
1182,-0.16348918
1183,-0.1
1184,0.1
1185,0.1
1186,0.13243327
1187,0.1
1188,-0.1
1189,0.1
1190,-0.1
1191,-0.1652103
1192,-0.1
1193,0.1
1194,-0.10515938
1195,0.1
1196,-0.1
1197,-0.1
1198,-0.1
1199,-0.108723626
1200,0.1
1201,-0.1
1202,0.11032308
1203,-0.1
1204,-0.1
1205,0.1
1206,-0.1
1207,0.1
1208,0.16517308
1209,0.1
1210,-0.1
1211,0.10090602
1212,0.1
1213,-0.11067669
1214,0.1
1215,0.1
1216,-0.1
1217,-0.1
1218,-0.1
1219,0.1
1220,-0.1
1221,-0.1
1222,0.1
1223,0.1
1224,-0.1
1225,0.1315148
1226,0.1970225
1227,-0.1
1228,-0.1
1229,0.10682778
1230,0.1
1231,-0.1
1232,-0.1
1233,-0.13117526
1234,0.1
1235,0.1
1236,0.1
1237,-0.1
1238,0.1
1239,-0.1
1240,-0.1
1241,-0.1
1242,0.1
1243,0.1
1244,-0.1
1245,0.1
1246,-0.12017781
1247,-0.1
1248,0.1
1249,0.1
1250,0.1
1251,0.1
1252,0.1
1253,0.1
1254,0.1
1255,-0.1
1256,-0.1
1257,-0.11566581
1258,0.1
1259,0.1
1260,0.1
1261,0.1
1262,0.11244944
1263,-0.1
1264,-0.1
1265,-0.1
1266,-0.18658994
1267,0.1
1268,-0.1
1269,0.14435956
1270,-0.1
1271,0.1
1272,-0.1
1273,-0.14805543
1274,-0.16738947
1275,-0.1
1276,0.1
1277,-0.11106792
1278,0.1
1279,0.1
1280,-0.14833182
1281,0.1
1282,-0.10349066
1283,-0.1
1284,-0.12295016
1285,0.1
1286,-0.1
1287,-0.1
1288,0.1
1289,-0.10465751
1290,-0.1
1291,0.1
1292,-0.121120825
1293,-0.1
1294,0.1
1295,0.13866563
1296,-0.1
1297,0.1
1298,0.1
1299,0.1
1300,-0.1292583
1301,0.11817118
1302,-0.1
1303,0.1
1304,0.1
1305,0.1
1306,0.1
1307,-0.1
1308,-0.1
1309,0.1
1310,0.1
1311,0.1
1312,0.1
1313,-0.1
1314,-0.1
1315,0.1
1316,-0.1
1317,0.1
1318,0.1
1319,-0.109123126
1320,-0.124407746
1321,-0.1
1322,-0.1
1323,-0.11409602
1324,-0.1
1325,0.1
1326,0.12189507
1327,-0.1
1328,0.18023951
1329,-0.1
1330,0.1
1331,0.1
1332,0.1
1333,0.1
1334,-0.10180395
1335,-0.1
1336,-0.1
1337,-0.1
1338,-0.1
1339,0.13300532
1340,0.10749451
1341,-0.1
1342,0.1
1343,0.12415708
1344,-0.1
1345,0.1
1346,-0.1
1347,-0.259544
1348,-0.1
1349,0.1
1350,0.119728945
1351,-0.1
1352,-0.1
1353,-0.1
1354,-0.15817508
1355,-0.1
1356,-0.1
1357,-0.1
1358,0.1
1359,-0.1
1360,0.103075214
1361,0.1
1362,0.1
1363,0.1
1364,0.1
1365,0.1
1366,-0.1
1367,0.1
1368,0.1
1369,0.1
1370,-0.13352862
1371,-0.1
1372,-0.1
1373,-0.1
1374,-0.12531656
1375,-0.13256511
1376,0.1
1377,-0.1
1378,-0.1
1379,0.1
1380,-0.1
1381,-0.1
1382,-0.1
1383,-0.1
1384,0.1
1385,-0.12531327
1386,-0.1
1387,0.16148648
1388,0.117885955
1389,0.102314614
1390,-0.1
1391,-0.1
1392,0.1
1393,0.1
1394,-0.17976601
1395,0.1
1396,-0.1
1397,0.1
1398,-0.1
1399,-0.1
1400,-0.1
1401,0.1
1402,-0.22184092
1403,0.1
1404,0.10541572
1405,0.1
1406,-0.1
1407,0.13428846
1408,-0.12438803
1409,0.1
1410,-0.1
1411,0.1
1412,0.15559575
1413,-0.11161428
1414,-0.1
1415,0.1
1416,-0.17092727
1417,-0.1
1418,0.1
1419,-0.1
1420,-0.17665878
1421,-0.1
1422,-0.1439418
1423,-0.1
1424,-0.18525207
1425,-0.13290359
1426,-0.10715381
1427,-0.1
1428,0.1
1429,-0.16081454
1430,-0.1
1431,0.1
1432,0.13759333
1433,-0.1
1434,-0.1
1435,-0.1214259
1436,-0.1
1437,0.1
1438,0.18190019
1439,0.10616352
1440,-0.1
1441,0.1
1442,0.1
1443,0.1
1444,-0.11687116
1445,0.1
1446,0.1
1447,-0.1
1448,0.11489121
1449,-0.1240008
1450,-0.1
1451,0.10276762
1452,0.1
1453,-0.1
1454,0.1
1455,-0.1
1456,0.1036684
1457,-0.19869997
1458,0.1
1459,0.1
1460,0.1
1461,-0.1
1462,0.1
1463,-0.1
1464,0.15651011
1465,-0.1
1466,-0.1
1467,-0.1
1468,0.1
1469,-0.1
1470,-0.1
1471,0.1
1472,0.10640797
1473,0.1
1474,-0.1
1475,0.18048234
1476,0.13591476
1477,0.16907023
1478,-0.1
1479,-0.1
1480,0.1
1481,0.17922139
1482,0.1
1483,0.1
1484,0.114898734
1485,0.1
1486,-0.1
1487,0.1
1488,-0.1
1489,0.1
1490,-0.1
1491,-0.1
1492,0.1
1493,0.1026634
1494,-0.1
1495,-0.1
1496,0.1
1497,0.1
1498,0.11927085
1499,0.14510402
1500,-0.121700294
1501,0.1
1502,0.1
1503,0.11303184
1504,0.1
1505,0.1
1506,-0.1
1507,-0.10481387
1508,0.1
1509,0.1
1510,-0.1
1511,-0.1
1512,-0.1
1513,-0.1253663
1514,0.1
1515,-0.1
1516,-0.1
1517,0.1
1518,0.1509795
1519,0.1
1520,-0.1
1521,-0.1
1522,-0.1692851
1523,0.1
1524,-0.1
1525,0.10564571
1526,0.1
1527,0.121880926
1528,-0.1
1529,-0.1
1530,0.1
1531,0.1
1532,-0.1
1533,0.15115595
1534,0.1
1535,-0.1
1536,-0.1
1537,0.12831986
1538,-0.31341577
1539,-0.1
1540,-0.1
1541,-0.1
1542,-0.13212612
1543,-0.1
1544,0.1
1545,-0.1
1546,-0.1
1547,-0.11864982
1548,0.10589711
1549,-0.1
1550,-0.1
1551,0.1
1552,0.1
1553,0.1
1554,-0.111825176
1555,-0.1
1556,-0.1
1557,0.105467424
1558,0.1
1559,-0.12619051
1560,-0.11010682
1561,0.1
1562,0.1
1563,0.1
1564,0.1
1565,0.15416653
1566,-0.1
1567,-0.1
1568,-0.1
1569,-0.1
1570,0.14513414
1571,-0.10478028
1572,0.1
1573,-0.11105748
1574,-0.11416354
1575,-0.1
1576,0.11290145
1577,0.1
1578,-0.1
1579,0.1
1580,0.1
1581,0.1248212
1582,-0.1
1583,0.1
1584,0.1
1585,-0.1
1586,-0.1
1587,-0.11455603
1588,0.1
1589,0.11137232
1590,0.1
1591,0.16133219
1592,-0.1
1593,0.1
1594,0.1
1595,0.1
1596,0.1
1597,-0.1
1598,0.1
1599,0.1
1600,0.1
1601,-0.1
1602,-0.1
1603,-0.1
1604,-0.11756414
1605,-0.102520846
1606,0.11077375
1607,-0.1
1608,-0.1
1609,0.1
1610,0.1
1611,0.1
1612,-0.1
1613,0.1
1614,-0.1
1615,0.1
1616,0.1
1617,-0.1
1618,-0.1
1619,-0.1
1620,-0.1064541
1621,0.23704726
1622,0.15626954
1623,-0.1
1624,0.15561907
1625,0.1
1626,0.1
1627,0.1613061
1628,-0.1210489
1629,0.1
1630,-0.1
1631,-0.1
1632,0.10556396
1633,-0.1
1634,0.1
1635,-0.12716454
1636,0.1
1637,-0.1
1638,0.1
1639,0.1
1640,0.1
1641,0.1
1642,-0.1
1643,-0.1
1644,0.1
1645,0.1
1646,-0.1
1647,0.1
1648,0.1
1649,0.10053611
1650,0.1
1651,0.1
1652,-0.1
1653,-0.28145692
1654,0.1
1655,0.1
1656,-0.1
1657,-0.1
1658,0.22060952
1659,-0.1
1660,-0.1
1661,-0.10794269
1662,0.1
1663,0.1
1664,0.1
1665,0.1
1666,-0.1
1667,0.1
1668,0.22445874
1669,0.14320378
1670,-0.12257934
1671,0.1
1672,0.1
1673,-0.18907067
1674,-0.1
1675,0.1
1676,0.1
1677,-0.10637728
1678,-0.1
1679,0.1
1680,-0.1
1681,0.1
1682,-0.1
1683,-0.1
1684,-0.1
1685,-0.1
1686,0.1
1687,0.1
1688,0.1
1689,0.14097708
1690,-0.100180276
1691,0.1
1692,0.13259424
1693,0.1
1694,0.1
1695,0.1
1696,0.16786446
1697,-0.1
1698,0.1
1699,-0.1
1700,0.1
1701,-0.1
1702,0.1
1703,-0.1
1704,0.1
1705,0.1
1706,0.17432354
1707,0.1
1708,0.1
1709,-0.14356941
1710,-0.19472794
1711,0.1
1712,-0.1
1713,-0.23233582
1714,-0.21728194
1715,0.1
1716,0.1
1717,-0.1
1718,0.1
1719,-0.1
1720,-0.1
1721,0.1
1722,0.1
1723,0.11070053
1724,-0.1
1725,0.1
1726,-0.1
1727,0.1
1728,-0.114340805
1729,0.18107545
1730,0.10602109
1731,0.19443536
1732,0.1
1733,-0.17101157
1734,-0.1
1735,0.1
1736,-0.1
1737,-0.1
1738,-0.12629496
1739,-0.1
1740,0.1
1741,-0.1
1742,-0.1
1743,-0.1
1744,0.1
1745,-0.19919084
1746,0.1
1747,0.1
1748,0.1
1749,0.1
1750,-0.12997961
1751,-0.1
1752,0.12699252
1753,0.1
1754,-0.13109006
1755,0.1
1756,-0.1
1757,-0.1
1758,-0.1
1759,0.1
1760,-0.1
1761,0.1
1762,-0.1
1763,-0.1
1764,-0.12049443
1765,-0.1
1766,0.1
1767,0.12381871
1768,-0.1
1769,-0.1
1770,0.12613457
1771,-0.1
1772,0.23345955
1773,-0.1
1774,0.1
1775,0.1
1776,-0.1
1777,0.1
1778,0.1
1779,0.119824775
1780,0.1
1781,0.10426836
1782,-0.14499705
1783,0.1
1784,0.1
1785,-0.1
1786,-0.1799478
1787,-0.1
1788,0.1
1789,-0.1
1790,0.1
1791,-0.12490322
1792,0.13023593
1793,-0.1
1794,0.1
1795,0.1
1796,-0.15532096
1797,-0.1
1798,0.1
1799,0.1
1800,-0.10424143
1801,0.24302787
1802,-0.1
1803,-0.1
1804,-0.1
1805,-0.1
1806,-0.14382358
1807,0.1
1808,0.15724592
1809,-0.1
1810,0.1
1811,0.1
1812,0.1
1813,0.1
1814,0.1
1815,0.10480881
1816,-0.1
1817,0.1
1818,0.1
1819,0.1
1820,-0.1
1821,0.1
1822,0.1
1823,0.13627449
1824,-0.1
1825,0.1
1826,0.1
1827,-0.1
1828,-0.19588475
1829,-0.1
1830,0.1
1831,0.10755911
1832,0.1
1833,0.1
1834,-0.14986631
1835,0.1
1836,-0.1
1837,0.1
1838,0.13953221
1839,0.1
1840,0.1
1841,-0.1
1842,0.1
1843,0.1
1844,0.12209174
1845,0.10992549
1846,0.1
1847,0.1
1848,-0.1
1849,0.1
1850,-0.1
1851,-0.1
1852,-0.1
1853,0.1
1854,0.1
1855,-0.14951923
1856,0.13189901
1857,-0.10789646
1858,0.1
1859,-0.1
1860,0.10260213
1861,0.1
1862,-0.1
1863,0.1
1864,0.1
1865,0.1109213
1866,0.1
1867,0.1
1868,-0.1
1869,-0.1
1870,0.1
1871,-0.1
1872,-0.16835889
1873,0.1
1874,-0.1
1875,-0.1
1876,-0.1
1877,-0.120401114
1878,0.1
1879,0.1
1880,-0.1
1881,-0.1
1882,0.1
1883,0.1
1884,-0.11537411
1885,-0.1
1886,-0.1
1887,0.1
1888,-0.1
1889,-0.1
1890,0.12146016
1891,0.1
1892,0.1
1893,-0.10119566
1894,-0.1
1895,-0.1
1896,-0.15462752
1897,0.1
1898,0.1
1899,0.1
1900,0.1
1901,0.1
1902,0.1
1903,-0.1
1904,0.1
1905,0.1
1906,-0.1
1907,-0.1
1908,-0.1
1909,0.1
1910,-0.1
1911,0.1
1912,-0.1
1913,0.1
1914,0.11362347
1915,-0.1
1916,0.1
1917,0.17366956
1918,-0.1
1919,-0.1
1920,-0.1
1921,0.1
1922,0.11224653
1923,-0.1
1924,0.1
1925,0.1
1926,-0.1
1927,-0.1
1928,0.1
1929,-0.10706387
1930,0.1
1931,-0.13263777
1932,0.1
1933,0.1
1934,0.10158595
1935,0.1492491
1936,-0.1
1937,0.1215037
1938,0.1
1939,-0.1
1940,-0.1
1941,-0.1
1942,0.1
1943,0.1
1944,-0.1
1945,0.1
1946,0.1
1947,0.1
1948,0.1
1949,0.13440888
1950,-0.1
1951,0.1
1952,0.1
1953,0.1
1954,-0.1
1955,-0.1
1956,-0.1
1957,0.1023104
1958,-0.1
1959,-0.1
1960,-0.1686583
1961,0.1
1962,-0.1
1963,0.1
1964,0.10368583
1965,0.11595663
1966,-0.1
1967,0.1586373
1968,0.17194971
1969,0.1
1970,0.1
1971,0.13437778
1972,-0.1
1973,0.1
1974,0.30428523
1975,0.11717167
1976,-0.1
1977,0.1
1978,0.1
1979,-0.1
1980,0.10990502
1981,-0.115782276
1982,-0.1
1983,-0.1
1984,0.1
1985,-0.1
1986,-0.1
1987,-0.10411347
1988,-0.1
1989,-0.1
1990,-0.11674064
1991,0.1
1992,0.1
1993,-0.1
1994,0.1
1995,0.1
1996,-0.1
1997,0.1
1998,-0.19591603
1999,0.1
2000,-0.11570053
2001,0.1610681
2002,-0.1
2003,0.1
2004,-0.1
2005,0.10077285
2006,-0.1
2007,0.1
2008,-0.1
2009,-0.1
2010,-0.1
2011,0.14401318
2012,0.1
2013,0.1
2014,-0.1
2015,-0.1
2016,-0.1
2017,-0.1
2018,-0.15365459
2019,-0.1
2020,0.1
2021,0.1
2022,0.1
2023,0.1
2024,-0.1
2025,0.119203605
2026,-0.1
2027,-0.13656218
2028,-0.10858242
2029,0.1
2030,0.1
2031,0.1
2032,0.1
2033,0.1
2034,0.1
2035,-0.1
2036,-0.1
2037,-0.1
2038,0.1
2039,-0.1
2040,0.1
2041,0.1
2042,0.1
2043,0.1
2044,-0.1
2045,-0.1
2046,-0.13028775
2047,0.1
